crRNA(with PAM), start pos, end pos, conserve_score, CG content, min free energy, specificity
TATACACACCTGAATACGTGGCGG,423,447,0.9875452898550726,0.6,-3.5,consecutive homologous nucleotides >= 15, but there is no classic PAM nearby.


The upstream sequence primers matching this crRNA are listed below
primer seq, start pos, end pos, conserve_score, CG content, min free energy, mismatch ratio
ATGGTTGAAAGGTTGTGGTCTTTGATGCAGGC,295,327,0.9850543478260873,0.46875,-0.3,0.40625
ATGGTTGAAAGGTTGTGGTCTTTGATGCAGG,295,326,0.9850981767180929,0.45161290322580644,-0.3,0.3870967741935484
TGGTTGAAAGGTTGTGGTCTTTGATGCAGGC,296,327,0.9850981767180929,0.4838709677419355,-0.3,0.3870967741935484
ATGGTTGAAAGGTTGTGGTCTTTGATGCAG,295,325,0.9851449275362322,0.43333333333333335,-0.3,0.3666666666666667
TGGTTGAAAGGTTGTGGTCTTTGATGCAGG,296,326,0.9851449275362322,0.4666666666666667,-0.3,0.3666666666666667
GGTCAAACACATTATTAAAACAAAGAGCACATGTT,386,421,0.9888198757763977,0.3142857142857143,-0.8,0.3142857142857143
AGGTCAAACACATTATTAAAACAAAGAGCACATGT,385,420,0.988354037267081,0.3142857142857143,0.0,0.3142857142857143

The downstream sequence primers matching this crRNA are listed below
primer seq, start pos, end pos, conserve_score, CG content, min free energy, mismatch ratio
TTTTGGTAAAAATACTGTATGGCCTCTTTC,448,478,0.986956521739131,0.3333333333333333,-0.4,1.0
TTTGGTAAAAATACTGTATGGCCTCTTTCA,449,479,0.986956521739131,0.3333333333333333,-0.2,1.0
TTTTTGGTAAAAATACTGTATGGCCTCTTTC,447,478,0.9868513323983175,0.3225806451612903,-0.8,1.0
TTTTGGTAAAAATACTGTATGGCCTCTTTCA,448,479,0.9868513323983175,0.3225806451612903,-0.4,1.0
TTTTTGGTAAAAATACTGTATGGCCTCTTTCA,447,479,0.9867527173913049,0.3125,-0.8,1.0
TTTGGTAAAAATACTGTATGGCCTCTTTCAG,449,480,0.9856241234221603,0.3548387096774194,-0.2,1.0
TTTTGGTAAAAATACTGTATGGCCTCTTTCAG,448,480,0.9855638586956527,0.34375,-0.4,1.0
TTTGGTAAAAATACTGTATGGCCTCTTTCAGG,449,481,0.9855638586956527,0.375,-0.7,1.0
TTTTTGGTAAAAATACTGTATGGCCTCTTTCAG,447,480,0.9855072463768122,0.3333333333333333,-0.8,1.0
TTTTGGTAAAAATACTGTATGGCCTCTTTCAGG,448,481,0.985507246376812,0.36363636363636365,-0.9,1.0
TTTTTGGTAAAAATACTGTATGGCCTCTTTCAGG,447,481,0.985453964194374,0.35294117647058826,-1.3,1.0
TTGGTAAAAATACTGTATGGCCTCTTTCAG,450,480,0.9851449275362324,0.36666666666666664,-0.2,1.0
TGGTAAAAATACTGTATGGCCTCTTTCAGG,451,481,0.9851449275362324,0.4,-0.7,1.0
TTGGTAAAAATACTGTATGGCCTCTTTCAGG,450,481,0.9850981767180931,0.3870967741935484,-0.7,1.0
